Title,Link,Time
Staffing Analysis Workbook for Jails,https://s3.amazonaws.com/static.nicic.gov/Library/016827.pdf,2025-02-24 19:12:55.709951
Classification of Women Offenders: Gender-Responsive ...,https://s3.amazonaws.com/static.nicic.gov/Library/021816.pdf,2025-02-24 19:12:55.718434
Critical issues and developments in prison classification,https://s3.amazonaws.com/static.nicic.gov/Library/017241.pdf,2025-02-24 19:12:55.726438
The effectiveness of the new intensive supervision programs,https://s3.amazonaws.com/static.nicic.gov/Library/007700.pdf,2025-02-24 19:12:55.732937
Restrictive Housing - An Annotated Bibliography,https://s3.amazonaws.com/static.nicic.gov/Library/032646.pdf,2025-02-24 19:12:55.739573
Dealing with the Problematic Inmate: Applying Effective ...,https://s3.amazonaws.com/static.nicic.gov/Library/016870.pdf,2025-02-24 19:12:55.745956
Summer 2005,https://s3.amazonaws.com/static.nicic.gov/Library/020756.pdf,2025-02-24 19:12:55.751442
Proceedings of the Large Jail Network Meeting,https://s3.amazonaws.com/static.nicic.gov/Library/029510.pdf,2025-02-24 19:12:55.756199
The Employer-Driven Model and Toolkit,https://s3.amazonaws.com/static.nicic.gov/Library/028099.pdf,2025-02-24 19:12:55.761063
Proceedings of the Large Jail Network Meeting: March 2014,https://s3.amazonaws.com/static.nicic.gov/Library/028230.pdf,2025-02-24 19:12:55.766274
Proceedings of the Large Jail Network Meeting,https://s3.amazonaws.com/static.nicic.gov/Library/027878.pdf,2025-02-24 19:13:00.221514
A National Assessment of Current Practices,https://s3.amazonaws.com/static.nicic.gov/Library/019468.pdf,2025-02-24 19:13:00.230224
Incorporating Services and support into Pretrial Supervision,https://s3.amazonaws.com/static.nicic.gov/Library/033627.pdf,2025-02-24 19:13:00.238639
Implementing Evidence-Based Principles in Community ...,https://s3.amazonaws.com/static.nicic.gov/Library/019344.pdf,2025-02-24 19:13:00.245598
National Survey of Criminal Justice Coordinating Councils,https://s3.amazonaws.com/static.nicic.gov/Library/033618.pdf,2025-02-24 19:13:00.251995
Costs of Incarceration Policies,https://s3.amazonaws.com/static.nicic.gov/Library/000943.pdf,2025-02-24 19:13:00.257442
HOSPICE AND PALLIATIVE CARE IN PRISONS,https://s3.amazonaws.com/static.nicic.gov/Library/014785.pdf,2025-02-24 19:13:00.263073
JAIL DIVERSION FOR THE MENTALLY ILL,https://s3.amazonaws.com/static.nicic.gov/Library/008754.pdf,2025-02-24 19:13:00.268211
Competency Profile of a Detention Facility Inspector,https://s3.amazonaws.com/static.nicic.gov/Library/017166.pdf,2025-02-24 19:13:00.272938
Veterans Treatment Courts: A Second Chance for Vets ...,https://s3.amazonaws.com/static.nicic.gov/Library/030108.pdf,2025-02-24 19:13:00.278057
APEX Change Agent Team Training,https://s3.amazonaws.com/static.nicic.gov/Library/028275_pm.pdf,2025-02-24 19:13:04.770676
Bulletin,https://s3.amazonaws.com/static.nicic.gov/Library/024801.pdf,2025-02-24 19:13:04.776524
Implementing Effective Correctional Management of ...,https://s3.amazonaws.com/static.nicic.gov/Library/021041.pdf,2025-02-24 19:13:04.782359
SPECIAL NEEDS POPULATIONS AND COST CONTROL,https://s3.amazonaws.com/static.nicic.gov/Library/013964.pdf,2025-02-24 19:13:04.787625
You're An Adult Now,https://s3.amazonaws.com/static.nicic.gov/Library/025555.pdf,2025-02-24 19:13:04.792880
projecting probation fee revenues,https://s3.amazonaws.com/static.nicic.gov/Library/004915.pdf,2025-02-24 19:13:04.798648
CORRECTIONS-BASED SERVICES FOR VICTIMS OF ...,https://s3.amazonaws.com/static.nicic.gov/Library/019947.pdf,2025-02-24 19:13:04.803538
Offender Job Retention,https://s3.amazonaws.com/static.nicic.gov/Library/021352.pdf,2025-02-24 19:13:04.808188
Achieving Accurate Pictures of Risk and Identifying Gender ...,https://s3.amazonaws.com/static.nicic.gov/Library/022844.pdf,2025-02-24 19:13:04.813013
MENTORING IN THE,https://s3.amazonaws.com/static.nicic.gov/Library/018196.pdf,2025-02-24 19:13:04.817979
National Institute of Corrections,https://s3.amazonaws.com/static.nicic.gov/Library/022599.pdf,2025-02-24 19:13:09.311154
"TECHNICAL ASSISTANCE, INFORMATION, AND ...",https://s3.amazonaws.com/static.nicic.gov/Library/023063.pdf,2025-02-24 19:13:09.318975
Juvenile Female Offenders,https://s3.amazonaws.com/static.nicic.gov/Library/021453.pdf,2025-02-24 19:13:09.327287
Barracks Behind Bars II,https://s3.amazonaws.com/static.nicic.gov/Library/033092.pdf,2025-02-24 19:13:09.333637
Employment and Female Offenders,http://s3.amazonaws.com/static.nicic.gov/Library/024662.pdf,2025-02-24 19:13:09.339580
A Guide for Probation and Parole MOTIVATING Offenders ...,https://s3.amazonaws.com/static.nicic.gov/Library/022253.pdf,2025-02-24 19:13:09.346050
Table of Contents,https://s3.amazonaws.com/static.nicic.gov/Library/016066.pdf,2025-02-24 19:13:09.351781
Legal Issues in Jails â€“ 2013,https://s3.amazonaws.com/static.nicic.gov/Library/027848.pdf,2025-02-24 19:13:09.356818
GENDER-RESPONSIVE STRATEGIES,https://s3.amazonaws.com/static.nicic.gov/Library/020418.pdf,2025-02-24 19:13:09.361279
Summer 2006,https://s3.amazonaws.com/static.nicic.gov/Library/021711.pdf,2025-02-24 19:13:09.366714
"RECRUITMENT, HIRING, AND RETENTION",https://s3.amazonaws.com/static.nicic.gov/Library/015885.pdf,2025-02-24 19:13:13.809376
Do Jails Play a Role in Improving Offender Outcomes,https://s3.amazonaws.com/static.nicic.gov/Library/023357.pdf,2025-02-24 19:13:13.816873
Building Culture Strategically,https://s3.amazonaws.com/static.nicic.gov/Library/021749.pdf,2025-02-24 19:13:13.825896
Winter 2007,https://s3.amazonaws.com/static.nicic.gov/Library/022298.pdf,2025-02-24 19:13:13.833277
Jail Crowding: Understanding Jail Population Dynamics,https://s3.amazonaws.com/static.nicic.gov/Library/017209.pdf,2025-02-24 19:13:13.839565
of justic,https://s3.amazonaws.com/static.nicic.gov/Library/016538.pdf,2025-02-24 19:13:13.846074
FACILITATOR GUIDE,https://s3.amazonaws.com/static.nicic.gov/Library/032721_fg.pdf,2025-02-24 19:13:13.851137
The Importance of a Low Span of Control in Effective ...,https://s3.amazonaws.com/static.nicic.gov/Library/024881.pdf,2025-02-24 19:13:13.855996
Court Nonappearance and New Case Filings,https://s3.amazonaws.com/static.nicic.gov/Library/033626.pdf,2025-02-24 19:13:13.860331
"Balancing Fiscal Challenges, Performance-based ...",https://s3.amazonaws.com/static.nicic.gov/Library/026410.pdf,2025-02-24 19:13:13.865576
Meeting Proceedings March 2011,https://s3.amazonaws.com/static.nicic.gov/Library/025055.pdf,2025-02-24 19:13:18.287601
effective prison,https://s3.amazonaws.com/static.nicic.gov/Library/018604.pdf,2025-02-24 19:13:18.294995
Getting It Right: Collaborative Problem Solving for Criminal ...,https://s3.amazonaws.com/static.nicic.gov/Library/019834.pdf,2025-02-24 19:13:18.302243
Directory of Community-Based Programs for Women ...,https://s3.amazonaws.com/static.nicic.gov/Library/016671.pdf,2025-02-24 19:13:18.308586
Special Challenges Facing Parole,https://s3.amazonaws.com/static.nicic.gov/Library/024200.pdf,2025-02-24 19:13:18.315064
The Green Corrections Project,https://s3.amazonaws.com/static.nicic.gov/Library/026941.pdf,2025-02-24 19:13:18.320621
Promoting Pretrial Success,https://s3.amazonaws.com/static.nicic.gov/Library/033628.pdf,2025-02-24 19:13:18.325464
Report to the Nation FY 2011,https://s3.amazonaws.com/static.nicic.gov/Library/025348.pdf,2025-02-24 19:13:18.330456
Resilience in Corrections,https://s3.amazonaws.com/static.nicic.gov/Library/028089.pdf,2025-02-24 19:13:18.335218
Correctional Education: A State of the Art Analysis,https://s3.amazonaws.com/static.nicic.gov/Library/006992.pdf,2025-02-24 19:13:18.339727
Large Jail Network Meeting,https://s3.amazonaws.com/static.nicic.gov/Library/016686.pdf,2025-02-24 19:13:22.794356
JAIL ADMINISTRATION,https://s3.amazonaws.com/static.nicic.gov/Library/025873_lp.pdf,2025-02-24 19:13:22.801806
Innovations in Training and Learning Delivery,https://s3.amazonaws.com/static.nicic.gov/Library/031549.pdf,2025-02-24 19:13:22.809435
Staff Perspectives: Sexual Violence in Adult Prisons and Jails,https://s3.amazonaws.com/static.nicic.gov/Library/022444.pdf,2025-02-24 19:13:22.815710
Supermax Prisons and the Constitution,https://s3.amazonaws.com/static.nicic.gov/Library/019835.pdf,2025-02-24 19:13:22.821601
Regional Field Coordinator - Knowledge Attitudes,https://s3.amazonaws.com/static.nicic.gov/Library/027137.pdf,2025-02-24 19:13:22.826837
Jail Planning and Expansion,https://s3.amazonaws.com/static.nicic.gov/Library/022668.pdf,2025-02-24 19:13:22.832433
AND OTHER LEGAL ISSUES FOR PROBATION/PAROLE ...,http://s3.amazonaws.com/static.nicic.gov/Library/017068.pdf,2025-02-24 19:13:22.837101
"In 2014, a network of",https://s3.amazonaws.com/static.nicic.gov/Library/032670.pdf,2025-02-24 19:13:22.841785
"SEPTEMBER, 2013",https://s3.amazonaws.com/static.nicic.gov/Library/027657.pdf,2025-02-24 19:13:22.846576
The Employer-Driven Model and Toolkit,https://s3.amazonaws.com/static.nicic.gov/Library/028097.pdf,2025-02-24 19:13:27.301633
PARTICIPANT GUIDE,https://s3.amazonaws.com/static.nicic.gov/Library/032721_pg.pdf,2025-02-24 19:13:27.309351
Gender-Responsive Strategies Project: Jail Applications,https://s3.amazonaws.com/static.nicic.gov/Library/020417.pdf,2025-02-24 19:13:27.316208
Occupational Stressors in Corrections Organizations,https://s3.amazonaws.com/static.nicic.gov/Library/028299.pdf,2025-02-24 19:13:27.322991
U.S. Department of Justice National Institute of Corrections ...,https://s3.amazonaws.com/static.nicic.gov/Library/022676.pdf,2025-02-24 19:13:27.330145
"Lesbian, Gay, Bisexual, Transgender, and Intersex Offenders",https://s3.amazonaws.com/static.nicic.gov/Library/nic0006_resourcecard_508.pdf,2025-02-24 19:13:27.335807
Releasing Inmates From Prisons,https://s3.amazonaws.com/static.nicic.gov/Library/021386.pdf,2025-02-24 19:13:27.340604
Offender Reentry Annotated Bibliography,https://s3.amazonaws.com/static.nicic.gov/Library/026286.pdf,2025-02-24 19:13:27.346571
Transition from Prison to Community Initiative,https://s3.amazonaws.com/static.nicic.gov/Library/017520.pdf,2025-02-24 19:13:27.351302
The Office of Correctional Job Training and Placement has ...,https://s3.amazonaws.com/static.nicic.gov/Library/018939.pdf,2025-02-24 19:13:27.355706
PIO Network Meeting,https://s3.amazonaws.com/static.nicic.gov/Library/033108.pdf,2025-02-24 19:13:31.843982
Report of the National Institute of Corrections Advisory ...,https://s3.amazonaws.com/static.nicic.gov/Library/021477.pdf,2025-02-24 19:13:31.854004
Managing Long-Term Inmates,https://s3.amazonaws.com/static.nicic.gov/Library/004022.pdf,2025-02-24 19:13:31.867492
Comprehensive Framework Paroling Authorities,https://s3.amazonaws.com/static.nicic.gov/Library/022906.pdf,2025-02-24 19:13:31.872995
POLICY RECOMMENDATIONS ON FAMILIES OF ADULT ...,https://s3.amazonaws.com/static.nicic.gov/Library/004664.pdf,2025-02-24 19:13:31.878059
Selecting an Arch i t e c t - D eveloping RFQs and RFPs,https://s3.amazonaws.com/static.nicic.gov/Library/020752.pdf,2025-02-24 19:13:31.883552
Transition and Offender Workforce Development Bulletin,https://s3.amazonaws.com/static.nicic.gov/Library/023065.pdf,2025-02-24 19:13:31.888152
Inmate Behavior Management: Northampton County Jail ...,https://s3.amazonaws.com/static.nicic.gov/Library/027702.pdf,2025-02-24 19:13:31.892320
A Framework for Evidence-Based Decision Making in ...,https://s3.amazonaws.com/static.nicic.gov/Library/024372.pdf,2025-02-24 19:13:31.897936
Assessing Local Pretrial Justice Functions,https://s3.amazonaws.com/static.nicic.gov/Library/025016.pdf,2025-02-24 19:13:31.902503
Environmental Scan 2012,https://s3.amazonaws.com/static.nicic.gov/Library/026993.pdf,2025-02-24 19:13:36.385985
Topics in Community Corrections,https://s3.amazonaws.com/static.nicic.gov/Library/022777.pdf,2025-02-24 19:13:36.394304
Gender-Responsive Strategies,https://s3.amazonaws.com/static.nicic.gov/Library/018017.pdf,2025-02-24 19:13:36.401638
Understanding Corrections through the APEX Lens,https://s3.amazonaws.com/static.nicic.gov/Library/025299.pdf,2025-02-24 19:13:36.408447
Hennep Departm Office of - in Coun ment of C f Policy,https://s3.amazonaws.com/static.nicic.gov/Library/026903.pdf,2025-02-24 19:13:36.414601
Analysis of the Use of the Structured Decisionmaking ...,https://s3.amazonaws.com/static.nicic.gov/Library/028408.pdf,2025-02-24 19:13:36.420065
Revalidating External Prison Classification Systems,https://s3.amazonaws.com/static.nicic.gov/Library/017382.pdf,2025-02-24 19:13:36.425433
Prison Rape Elimination Act (PREA) Considerations for ...,https://s3.amazonaws.com/static.nicic.gov/Library/021512.pdf,2025-02-24 19:13:36.431177
Bulletin,https://s3.amazonaws.com/static.nicic.gov/Library/024802.pdf,2025-02-24 19:13:36.435733
Money as a Criminal Justice Stakeholder: The Judge's ...,https://s3.amazonaws.com/static.nicic.gov/Library/029517.pdf,2025-02-24 19:13:36.440087
ITIP Toolkit,https://s3.amazonaws.com/static.nicic.gov/Library/024773.pdf,2025-02-24 19:13:40.959352
evaluation of the efficacy of a cognitive behavioral program,https://s3.amazonaws.com/static.nicic.gov/Library/018190.pdf,2025-02-24 19:13:40.969303
SERVICES FOR FAMILIES OF PRISON INMATES,https://s3.amazonaws.com/static.nicic.gov/Library/017272.pdf,2025-02-24 19:13:40.976930
Facilitation Skills for Offender Groups ...,https://s3.amazonaws.com/static.nicic.gov/Library/016974.pdf,2025-02-24 19:13:40.983167
Partners for Change,https://s3.amazonaws.com/static.nicic.gov/Library/033113.pdf,2025-02-24 19:13:40.988993
The Practical Planning Guide for Community Corrections ...,https://s3.amazonaws.com/static.nicic.gov/Library/009018.pdf,2025-02-24 19:13:40.993993
C:\Documents and Settings\cac\Desktop\017023.tif,https://s3.amazonaws.com/static.nicic.gov/Library/017023.pdf,2025-02-24 19:13:40.999530
of Correctional Training Effectiveness,https://s3.amazonaws.com/static.nicic.gov/Library/025226.pdf,2025-02-24 19:13:41.004153
Adult Correctional Facility Design Resources,https://s3.amazonaws.com/static.nicic.gov/Library/020742.pdf,2025-02-24 19:13:41.008791
State by State Spreadsheet,https://s3.amazonaws.com/static.nicic.gov/Library/021768.pdf,2025-02-24 19:13:41.013387
POLICY REVIEW AND DEVELOPMENT GUIDE,https://s3.amazonaws.com/static.nicic.gov/Library/027507.pdf,2025-02-24 19:13:45.612955
Improving Pretrial Assessment and Supervision in Colorado,https://s3.amazonaws.com/static.nicic.gov/Library/022999.pdf,2025-02-24 19:13:45.620598
NIC Videoconference: Jail Inmates with Mental Illness,https://s3.amazonaws.com/static.nicic.gov/Library/017875.pdf,2025-02-24 19:13:45.630546
Assessment of Project Status & Technical Assistance Needs,https://s3.amazonaws.com/static.nicic.gov/Library/020744.pdf,2025-02-24 19:13:45.637865
2017 Corrections Environmental Scan,https://s3.amazonaws.com/static.nicic.gov/Library/033112.pdf,2025-02-24 19:13:45.646452
Critical Elements of Reentry/Continuing Care Systems,https://s3.amazonaws.com/static.nicic.gov/Library/020591.pdf,2025-02-24 19:13:45.652271
Classification of Women Offenders: A National Assessment ...,https://s3.amazonaws.com/static.nicic.gov/Library/017082.pdf,2025-02-24 19:13:45.657373
1 Pending NIC Review 9-17-13,https://s3.amazonaws.com/static.nicic.gov/Library/027641.pdf,2025-02-24 19:13:45.663339
EFFECTS OF COVID-19 ON PRISON OPERATIONS,https://s3.amazonaws.com/static.nicic.gov/Library/033677.pdf,2025-02-24 19:13:45.669267
Occupational Stressors in Corrections Work,https://s3.amazonaws.com/static.nicic.gov/Library/029743.pdf,2025-02-24 19:13:45.674052
Adult Prisons and Jails,https://s3.amazonaws.com/static.nicic.gov/Library/026702.pdf,2025-02-24 19:13:50.208759
Liability Issues in Community Service Sanctions,https://s3.amazonaws.com/static.nicic.gov/Library/004534.pdf,2025-02-24 19:13:50.216097
Evidence-Based Practice Skills Assessment for Criminal ...,https://s3.amazonaws.com/static.nicic.gov/Library/024397.pdf,2025-02-24 19:13:50.222273
Chief Jail Inspectors' Network Meeting 2009,https://s3.amazonaws.com/static.nicic.gov/Library/024559.pdf,2025-02-24 19:13:50.229875
Outcome and Performance Measures for Pretrial Diversion ...,https://s3.amazonaws.com/static.nicic.gov/Library/029722.pdf,2025-02-24 19:13:50.235601
Objective Jail Classification Systems: A Guide for ...,https://s3.amazonaws.com/static.nicic.gov/Library/014373.pdf,2025-02-24 19:13:50.240707
Staff Sexual Misconduct with Inmates Policy Development ...,https://s3.amazonaws.com/static.nicic.gov/Library/017925.pdf,2025-02-24 19:13:50.246528
APEX Resources Directory Volume 2,https://s3.amazonaws.com/static.nicic.gov/Library/025303.pdf,2025-02-24 19:13:50.277058
Critical Issues Impacting Women in the Justice System,https://s3.amazonaws.com/static.nicic.gov/Library/033010.pdf,2025-02-24 19:13:50.282431
Corrections Stress Needs Assessment,https://s3.amazonaws.com/static.nicic.gov/Library/033549.pdf,2025-02-24 19:13:50.286918
Leadership Annotated Bibliography,https://s3.amazonaws.com/static.nicic.gov/Library/025971.pdf,2025-02-24 19:13:54.756175
Transition from Jail to Community Initiative Practice Brief,https://s3.amazonaws.com/static.nicic.gov/Library/026912.pdf,2025-02-24 19:13:54.764405
Staff Perspectives Sexual Violence in adult Prisons & Jails,https://s3.amazonaws.com/static.nicic.gov/Library/023697.pdf,2025-02-24 19:13:54.772496
Correctional Trainer,https://s3.amazonaws.com/static.nicic.gov/Library/024869.pdf,2025-02-24 19:13:54.779797
APEX Change Agent Team Training,https://s3.amazonaws.com/static.nicic.gov/Library/028275_lp.pdf,2025-02-24 19:13:54.786413
Parole Authorities' Strategic Planning and Management for ...,https://s3.amazonaws.com/static.nicic.gov/Library/024199.pdf,2025-02-24 19:13:54.792840
Effective Clinical Practices in Treating Clients in the ...,https://s3.amazonaws.com/static.nicic.gov/Library/023362.pdf,2025-02-24 19:13:54.797661
Proceedings of the Large Jail Network Meeting,https://s3.amazonaws.com/static.nicic.gov/Library/026001.pdf,2025-02-24 19:13:54.802431
Table of Contents,https://s3.amazonaws.com/static.nicic.gov/Library/019957.pdf,2025-02-24 19:13:54.807628
Change Management and the APEX Domains,http://s3.amazonaws.com/static.nicic.gov/Library/025302.pdf,2025-02-24 19:13:54.813293
Supervisory Leadership for Women in Corrections,https://s3.amazonaws.com/static.nicic.gov/Library/019642.pdf,2025-02-24 19:13:59.330860
CHRONIC CARE CLINICS PROTOCOLS AND ...,https://s3.amazonaws.com/static.nicic.gov/Library/011671.pdf,2025-02-24 19:13:59.338887
the new role of probation and parole: community justice,https://s3.amazonaws.com/static.nicic.gov/Library/017409.pdf,2025-02-24 19:13:59.346455
Using Jail Exit Surveys To Improve Community Responses ...,https://s3.amazonaws.com/static.nicic.gov/Library/020853.pdf,2025-02-24 19:13:59.353028
Serving Children and Families of Adult Offenders,https://s3.amazonaws.com/static.nicic.gov/Library/020200.pdf,2025-02-24 19:13:59.358793
Regional Jails National Institute of Corrections lnformation ...,https://s3.amazonaws.com/static.nicic.gov/Library/010049.pdf,2025-02-24 19:13:59.364271
Mapping the Criminal Justice System to Connect ...,https://s3.amazonaws.com/static.nicic.gov/Library/028222.pdf,2025-02-24 19:13:59.369210
Office of Correctional Job Training and Placement Glossary ...,https://s3.amazonaws.com/static.nicic.gov/Library/018938.pdf,2025-02-24 19:13:59.373799
Proceedings of the Large Jail Network Meeting,https://s3.amazonaws.com/static.nicic.gov/Library/019466.pdf,2025-02-24 19:13:59.378632
DENVER SHERIFF DEPARTMENT Office of the Director of ...,https://s3.amazonaws.com/static.nicic.gov/Library/026337.pdf,2025-02-24 19:13:59.383399
Community Corrections Collaborative Network,https://s3.amazonaws.com/static.nicic.gov/Library/032859a.pdf,2025-02-24 19:14:03.932147
Prison Rape Elimination Act,https://s3.amazonaws.com/static.nicic.gov/Library/021455.pdf,2025-02-24 19:14:03.939950
U.S. Department of Justice National Institute of Corrections,https://s3.amazonaws.com/static.nicic.gov/Library/013223.pdf,2025-02-24 19:14:03.948387
OFFENDER TREATMENT AND RECIDIVISM,https://s3.amazonaws.com/static.nicic.gov/Library/017624.pdf,2025-02-24 19:14:03.954306
General Guidelines for Cooperative Agreements,https://s3.amazonaws.com/static.nicic.gov/Library/020646.pdf,2025-02-24 19:14:03.960446
National Standards for Criminal Justice Coordinating ...,https://s3.amazonaws.com/static.nicic.gov/Library/033675.pdf,2025-02-24 19:14:03.966691
Jail Capacity Planning Guide A Systems Approach,https://s3.amazonaws.com/static.nicic.gov/Library/022722.pdf,2025-02-24 19:14:03.971780
33rd Annual Training Conference,https://s3.amazonaws.com/static.nicic.gov/Library/028148.pdf,2025-02-24 19:14:03.976651
Developing and Revising Detention Facility,https://s3.amazonaws.com/static.nicic.gov/Library/018679.pdf,2025-02-24 19:14:03.982114
SAMHSA's Concept of Trauma and Guidance for a ...,https://s3.amazonaws.com/static.nicic.gov/Library/028436.pdf,2025-02-24 19:14:03.986913
Improving the Response to Offenders with Mental Illness ...,https://s3.amazonaws.com/static.nicic.gov/Library/021374.pdf,2025-02-24 19:14:08.589992
Internal Prison Classification Systems,https://s3.amazonaws.com/static.nicic.gov/Library/017381.pdf,2025-02-24 19:14:08.598319
Fundamentals of Bail,https://s3.amazonaws.com/static.nicic.gov/Library/028360.pdf,2025-02-24 19:14:08.606452
Annual Report to Congress National Institute of Corrections ...,https://s3.amazonaws.com/static.nicic.gov/Library/020229.pdf,2025-02-24 19:14:08.613226
Inmate Education & Orientation Film Facilitator Guide,https://s3.amazonaws.com/static.nicic.gov/Library/030183.pdf,2025-02-24 19:14:08.623840
Evidence-Based Practices in the Criminal Justice System,https://s3.amazonaws.com/static.nicic.gov/Library/026917.pdf,2025-02-24 19:14:08.631697
Juvenile Justice,https://s3.amazonaws.com/static.nicic.gov/Library/027879.pdf,2025-02-24 19:14:08.639455
Workplace Learning Annotated Bibliography,https://s3.amazonaws.com/static.nicic.gov/Library/024728.pdf,2025-02-24 19:14:08.646345
Training Curriculum for Investigating Allegations of Staff ...,https://s3.amazonaws.com/static.nicic.gov/Library/016804.pdf,2025-02-24 19:14:08.651221
Prison Classification,https://s3.amazonaws.com/static.nicic.gov/Library/018937.pdf,2025-02-24 19:14:08.656508
National Institute of Corrections FY 2001 Cooperative ...,https://s3.amazonaws.com/static.nicic.gov/Library/018781.pdf,2025-02-24 19:14:13.261285
A GUIDE FOR VICTIM SERVICE PROVIDERS,https://s3.amazonaws.com/static.nicic.gov/Library/031408.pdf,2025-02-24 19:14:13.270635
Based Decision Making in State and Local Criminal Justice ...,https://s3.amazonaws.com/static.nicic.gov/Library/033067.pdf,2025-02-24 19:14:13.278491
Applying the APEX Tools for Organizational Assessment,https://s3.amazonaws.com/static.nicic.gov/Library/025301.pdf,2025-02-24 19:14:13.286148
50 State Survey of Sexual Offenses Against Children ( ...,https://s3.amazonaws.com/static.nicic.gov/Library/021769.pdf,2025-02-24 19:14:13.293422
Tribal Resource Guide,https://s3.amazonaws.com/static.nicic.gov/Library/017842.pdf,2025-02-24 19:14:13.299346
Large Jail Network Meeting,https://s3.amazonaws.com/static.nicic.gov/Library/017999.pdf,2025-02-24 19:14:13.305677
lessons from the intermediate sanctions project,https://s3.amazonaws.com/static.nicic.gov/Library/010427.pdf,2025-02-24 19:14:13.310664
Motivational Interviewing with a Criminal Justice Focus,https://s3.amazonaws.com/static.nicic.gov/Library/025355.pdf,2025-02-24 19:14:13.315941
Facilitation Skills for Managers,https://s3.amazonaws.com/static.nicic.gov/Library/016857.pdf,2025-02-24 19:14:13.320384
Children in Foster Care with Parents in Federal Prison:,https://s3.amazonaws.com/static.nicic.gov/Library/027489.pdf,2025-02-24 19:14:17.948882
Volunteer Orientation for Frequent & Regular ...,https://s3.amazonaws.com/static.nicic.gov/Library/014382.pdf,2025-02-24 19:14:17.957475
Meeting Proceedings March 2009,https://s3.amazonaws.com/static.nicic.gov/Library/023878.pdf,2025-02-24 19:14:17.967794
"VIDEO VISITING IN CORRECTIONS: BENEFITS, ...",https://s3.amazonaws.com/static.nicic.gov/Library/029609.pdf,2025-02-24 19:14:17.977017
Serving Jails for More Than 30 Years,https://s3.amazonaws.com/static.nicic.gov/Library/024370.pdf,2025-02-24 19:14:17.985277
Pregnancy- and Child-Related Legal and Policy Issues ...,https://s3.amazonaws.com/static.nicic.gov/Library/027701.pdf,2025-02-24 19:14:17.991546
NIC Services in Managing Justice-Involved Women,https://s3.amazonaws.com/static.nicic.gov/Library/028163.pdf,2025-02-24 19:14:17.997933
STRUCTURING PAROLE DECISIONMAKING Lessons ...,https://s3.amazonaws.com/static.nicic.gov/Library/005797.pdf,2025-02-24 19:14:18.003976
Prison Health Care Survey,https://s3.amazonaws.com/static.nicic.gov/Library/015999.pdf,2025-02-24 19:14:18.009869
Environmental Scan 2015,https://s3.amazonaws.com/static.nicic.gov/Library/031563.pdf,2025-02-24 19:14:18.015088
Community Corrections Acts for State and,https://s3.amazonaws.com/static.nicic.gov/Library/010132.pdf,2025-02-24 19:14:22.611489
"Jail Design Guide, Third Edition",https://s3.amazonaws.com/static.nicic.gov/Library/024806.pdf,2025-02-24 19:14:22.618945
I have an,https://s3.amazonaws.com/static.nicic.gov/Library/033085.pdf,2025-02-24 19:14:22.625955
Objective Classification,https://s3.amazonaws.com/static.nicic.gov/Library/033328.pdf,2025-02-24 19:14:22.631628
a case study of successes and,https://s3.amazonaws.com/static.nicic.gov/Library/025242.pdf,2025-02-24 19:14:22.637148
Staff Perspectives,https://s3.amazonaws.com/static.nicic.gov/Library/021619.pdf,2025-02-24 19:14:22.642097
Developing Gender-Specific Classification Systems for ...,https://s3.amazonaws.com/static.nicic.gov/Library/018931.pdf,2025-02-24 19:14:22.647592
Exploring the Dynamics & Principles of Effective Leadership,https://s3.amazonaws.com/static.nicic.gov/Library/018968.pdf,2025-02-24 19:14:22.653145
New Approaches to Staff Safety,https://s3.amazonaws.com/static.nicic.gov/Library/011356.pdf,2025-02-24 19:14:22.657845
Behavior Management of Justice-Involved Individuals:,https://s3.amazonaws.com/static.nicic.gov/Library/029553.pdf,2025-02-24 19:14:22.663356
Questions and Answers on Issues Related to the ...,https://s3.amazonaws.com/static.nicic.gov/Library/007404.pdf,2025-02-24 19:14:27.209118
LS. Department of Justice lational Institute of Corrections,https://s3.amazonaws.com/static.nicic.gov/Library/019434.pdf,2025-02-24 19:14:27.217907
case studies on the center for sex offender,https://s3.amazonaws.com/static.nicic.gov/Library/015069.pdf,2025-02-24 19:14:27.226759
"Evidence-Based Policy, Practice, and Decisionmaking",https://s3.amazonaws.com/static.nicic.gov/Library/024198.pdf,2025-02-24 19:14:27.233614
CORRECTIONS-BASED VICTIM SERVICES 2016 National ...,https://s3.amazonaws.com/static.nicic.gov/Library/029749.pdf,2025-02-24 19:14:27.239980
Report to the Nation Fiscal Year 2013,https://s3.amazonaws.com/static.nicic.gov/Library/028144.pdf,2025-02-24 19:14:27.246469
Veteran Intercepts in the Criminal Justice System,https://s3.amazonaws.com/static.nicic.gov/Library/033665.pdf,2025-02-24 19:14:27.251479
Recognizing and Addressing,https://s3.amazonaws.com/static.nicic.gov/Library/021452.pdf,2025-02-24 19:14:27.256367
Accession #033617,https://s3.amazonaws.com/static.nicic.gov/Library/033617.pdf,2025-02-24 19:14:27.261556
Audits of Podular Direct-Supervision Jails,https://s3.amazonaws.com/static.nicic.gov/Library/013633.pdf,2025-02-24 19:14:27.266618
"REPORT TO THE NATION, FISCAL YEAR 2018",https://s3.amazonaws.com/static.nicic.gov/Library/033117.pdf,2025-02-24 19:14:31.819024
Principles for Enhancing Correctional Results in Prisons,https://s3.amazonaws.com/static.nicic.gov/Library/023360.pdf,2025-02-24 19:14:31.828537
Trauma,https://s3.amazonaws.com/static.nicic.gov/Library/028314.pdf,2025-02-24 19:14:31.835743
TPC Case Management Handbook,https://s3.amazonaws.com/static.nicic.gov/Library/024393.pdf,2025-02-24 19:14:31.841829
Youth Confinement Facilities,https://s3.amazonaws.com/static.nicic.gov/Library/026701.pdf,2025-02-24 19:14:31.848700
022675.pdf,https://s3.amazonaws.com/static.nicic.gov/Library/022675.pdf,2025-02-24 19:14:31.853920
Correctional Officer Suicide,https://s3.amazonaws.com/static.nicic.gov/Library/033237.pdf,2025-02-24 19:14:31.858806
O b j e c t ive Classification Analy s i s,https://s3.amazonaws.com/static.nicic.gov/Library/020750.pdf,2025-02-24 19:14:31.864637
Inmate Behavior Management: Brazos County Jail Case ...,https://s3.amazonaws.com/static.nicic.gov/Library/027703.pdf,2025-02-24 19:14:31.869344
Creating Better Transitions at Indiana's Plainfield Reentry ...,https://s3.amazonaws.com/static.nicic.gov/Library/022785.pdf,2025-02-24 19:14:31.874586
Case Processing in Maine,https://s3.amazonaws.com/static.nicic.gov/Library/022013.pdf,2025-02-24 19:14:36.456481
CJCC Essential Elements,https://s3.amazonaws.com/static.nicic.gov/Library/033676.pdf,2025-02-24 19:14:36.465397
Missouri Makes Its Move Toward a New Reentry Philosophy,https://s3.amazonaws.com/static.nicic.gov/Library/022787.pdf,2025-02-24 19:14:36.472370
U.S. Department of Justice National Institute of Corrections,https://s3.amazonaws.com/static.nicic.gov/Library/025300.pdf,2025-02-24 19:14:36.483608
"1 On November 21, 2014, the Green Corrections ...",https://s3.amazonaws.com/static.nicic.gov/Library/029714.pdf,2025-02-24 19:14:36.490536
The Employer-Driven Model and Toolkit,https://s3.amazonaws.com/static.nicic.gov/Library/028096.pdf,2025-02-24 19:14:36.498756
"JUNE, 2011",https://s3.amazonaws.com/static.nicic.gov/Library/025082.pdf,2025-02-24 19:14:36.504444
2003 Environmental Scan Update,https://s3.amazonaws.com/static.nicic.gov/Library/020858.pdf,2025-02-24 19:14:36.509478
Community Supervision Peer Support Program Guidelines,http://s3.amazonaws.com/static.nicic.gov/Library/033623.pdf,2025-02-24 19:14:36.514100
Outcome and Performance Measures for the Pretrial ...,https://s3.amazonaws.com/static.nicic.gov/Library/033331.pdf,2025-02-24 19:14:36.519774
Chicago's Safer Foundation: A Road Back for Ex-Offenders,https://s3.amazonaws.com/static.nicic.gov/Library/serial644.pdf,2025-02-24 19:14:41.132587
A Manual for Sheriffs and Jail Administrators,https://s3.amazonaws.com/static.nicic.gov/Library/021826.pdf,2025-02-24 19:14:41.139428
The Employer-Driven Model and Toolkit,https://s3.amazonaws.com/static.nicic.gov/Library/028098.pdf,2025-02-24 19:14:41.146315
"Best Practices in the Assessment, Treatment, and Risk ...",https://s3.amazonaws.com/static.nicic.gov/Library/033135.pdf,2025-02-24 19:14:41.152118
The Future of Parole as a Key Partner in Assuring Public ...,https://s3.amazonaws.com/static.nicic.gov/Library/024201.pdf,2025-02-24 19:14:41.157588
A Prosecutor's Primer on Evidence-Based Practice,https://s3.amazonaws.com/static.nicic.gov/Library/023361.pdf,2025-02-24 19:14:41.162929
A NIC Prisons Division Training Program,https://s3.amazonaws.com/static.nicic.gov/Library/016919.pdf,2025-02-24 19:14:41.167706
The Corrections Learning Organization,https://s3.amazonaws.com/static.nicic.gov/Library/032739.pdf,2025-02-24 19:14:41.172333
GENDER-RESPONSIVE STRATEGIES,https://s3.amazonaws.com/static.nicic.gov/Library/020873.pdf,2025-02-24 19:14:41.176943
Exercises for Developing MI Skills in Corrections,https://s3.amazonaws.com/static.nicic.gov/Library/025557.pdf,2025-02-24 19:14:41.181164
AN EVALUATION OF HEALTH CARE COSTS IN JAILS,https://s3.amazonaws.com/static.nicic.gov/Library/010324.pdf,2025-02-24 19:14:45.730080
Parole Violations Revisited,https://s3.amazonaws.com/static.nicic.gov/Library/019833.pdf,2025-02-24 19:14:45.737532
A Study of Prison Industry:,https://s3.amazonaws.com/static.nicic.gov/Library/004194.pdf,2025-02-24 19:14:45.744338
COGNITIVE-BEHAVIORALPROGRAMS A RESOURCE ...,http://s3.amazonaws.com/static.nicic.gov/Library/014209.pdf,2025-02-24 19:14:45.752116
Bulletin,https://s3.amazonaws.com/static.nicic.gov/Library/024799.pdf,2025-02-24 19:14:45.757505
NIC Review Team Report Washington Department of ...,https://s3.amazonaws.com/static.nicic.gov/Library/024937.pdf,2025-02-24 19:14:45.762673
Juvenile Corrections Professionals ...,https://s3.amazonaws.com/static.nicic.gov/Library/019713.pdf,2025-02-24 19:14:45.767108
Veterans Reentry Programming,https://s3.amazonaws.com/static.nicic.gov/Library/033668.pdf,2025-02-24 19:14:45.771440
JAIL DESIGN GUIDE,https://s3.amazonaws.com/static.nicic.gov/Library/015061.pdf,2025-02-24 19:14:45.775793
Suicide Prevention in Jails,https://s3.amazonaws.com/static.nicic.gov/Library/026251.pdf,2025-02-24 19:14:45.780304
Needs Assessment & Pre-Design Planning RFP Checklist,https://s3.amazonaws.com/static.nicic.gov/Library/019572.pdf,2025-02-24 19:14:50.398893
The effects of solitary confinement,https://s3.amazonaws.com/static.nicic.gov/Library/025885.pdf,2025-02-24 19:14:50.407074
THE ROLE OF SCREENING AND ASSESSMENT,https://s3.amazonaws.com/static.nicic.gov/Library/026911.pdf,2025-02-24 19:14:50.413702
Labor Market Information Worksheet,https://s3.amazonaws.com/static.nicic.gov/Library/028145.pdf,2025-02-24 19:14:50.419724
Policy-Driven Responses to Probation and Parole Violations,https://s3.amazonaws.com/static.nicic.gov/Library/013793.pdf,2025-02-24 19:14:50.426191
The Reentry of Formerly Incarcerated Persons,https://s3.amazonaws.com/static.nicic.gov/Library/031485.pdf,2025-02-24 19:14:50.431278
An Introductory Self-Study Course for Jail Inspectors,https://s3.amazonaws.com/static.nicic.gov/Library/022124.pdf,2025-02-24 19:14:50.436476
The Emerging Role of Management Information Systems,https://s3.amazonaws.com/static.nicic.gov/Library/019687.pdf,2025-02-24 19:14:50.441093
NIC Jail PIO Network Meeting,https://s3.amazonaws.com/static.nicic.gov/Library/032752.pdf,2025-02-24 19:14:50.445513
Staffing a Local Criminal Justice Coordinating Committee,https://s3.amazonaws.com/static.nicic.gov/Library/026308.pdf,2025-02-24 19:14:50.449879
PR HANDBOOK 2018 Master - Minnesota.gov,https://s3.amazonaws.com/static.nicic.gov/Library/033062.pdf,2025-02-24 19:14:55.010536
Offender Workforce Development Specialist Partnership ...,https://s3.amazonaws.com/static.nicic.gov/Library/024759.pdf,2025-02-24 19:14:55.017777
Facilitation Skills for Trainers Facilitation ...,https://s3.amazonaws.com/static.nicic.gov/Library/016856.pdf,2025-02-24 19:14:55.025683
No Place for Youth: Girls in the Adult Justic System,https://s3.amazonaws.com/static.nicic.gov/Library/031370.pdf,2025-02-24 19:14:55.032242
Apex: Building the Model and Beginning the Journey,https://s3.amazonaws.com/static.nicic.gov/Library/025287.pdf,2025-02-24 19:14:55.037643
"Effective Retraining: Fun, Focused, Fresh",https://s3.amazonaws.com/static.nicic.gov/Library/019183.pdf,2025-02-24 19:14:55.042877
Post Conviction Victim Service Providers,https://s3.amazonaws.com/static.nicic.gov/Library/028306.pdf,2025-02-24 19:14:55.047786
Women Offender Transition and Reentry,https://s3.amazonaws.com/static.nicic.gov/Library/021815.pdf,2025-02-24 19:14:55.052461
Replication Validation of the Employment Retention Inventory,https://s3.amazonaws.com/static.nicic.gov/Library/033093.pdf,2025-02-24 19:14:55.057153
Rethinking the Structure of Probation Sentences,https://s3.amazonaws.com/static.nicic.gov/Library/027940.pdf,2025-02-24 19:14:55.061699
NEW JAIL PLANNING,https://s3.amazonaws.com/static.nicic.gov/Library/021280.pdf,2025-02-24 19:14:59.736508
Topics in Community Corrections,https://s3.amazonaws.com/static.nicic.gov/Library/022904.pdf,2025-02-24 19:14:59.744550
Context and Impact of Organizational Changes in State ...,https://s3.amazonaws.com/static.nicic.gov/Library/025241.pdf,2025-02-24 19:14:59.751529
The Role of Facilitators and Staff in Supporting ...,https://s3.amazonaws.com/static.nicic.gov/Library/021203.pdf,2025-02-24 19:14:59.757590
"Applications of Legal Principles, Laws, and Research to ...",https://s3.amazonaws.com/static.nicic.gov/Library/023359.pdf,2025-02-24 19:14:59.763222
Ramsey County Proxy Tool Norming & Validation Results,https://s3.amazonaws.com/static.nicic.gov/Library/028095.pdf,2025-02-24 19:14:59.768068
Women Offender Case Management Model,https://s3.amazonaws.com/static.nicic.gov/Library/021814.pdf,2025-02-24 19:14:59.772970
Improving Outcomes for People with Mental Illnesses ...,https://s3.amazonaws.com/static.nicic.gov/Library/023634.pdf,2025-02-24 19:14:59.777392
TPC ReenTRy,https://s3.amazonaws.com/static.nicic.gov/Library/022669.pdf,2025-02-24 19:14:59.781813
Evaluability-Assessment-A-Tool-for-Program-Development ...,https://s3.amazonaws.com/static.nicic.gov/Library/014292.pdf,2025-02-24 19:14:59.786520
Facility Development,https://s3.amazonaws.com/static.nicic.gov/Library/024005.pdf,2025-02-24 19:15:04.454203
Direct Supervision Jails The Role of the Administrator,https://s3.amazonaws.com/static.nicic.gov/Library/024192.pdf,2025-02-24 19:15:04.463837
Directory of Programs Serving Families of Adult Offenders,https://s3.amazonaws.com/static.nicic.gov/Library/014779.pdf,2025-02-24 19:15:04.472829
Offender Workforce Development Services Makes an Impact,https://s3.amazonaws.com/static.nicic.gov/Library/025219.pdf,2025-02-24 19:15:04.480344
TABLE OF CONTENTS MEETING HIGHLIGHTS LARGE ...,https://s3.amazonaws.com/static.nicic.gov/Library/017126.pdf,2025-02-24 19:15:04.486932
The Prison Rape Elimination Act of 2003,https://s3.amazonaws.com/static.nicic.gov/Library/023635.pdf,2025-02-24 19:15:04.492730
EVALUATION BRIEF,https://s3.amazonaws.com/static.nicic.gov/Library/029768.pdf,2025-02-24 19:15:04.497820
COSMOS,https://s3.amazonaws.com/static.nicic.gov/Library/008227.pdf,2025-02-24 19:15:04.502160
idaho sheriffs' association minimum jail standards,https://s3.amazonaws.com/static.nicic.gov/Library/019370.pdf,2025-02-24 19:15:04.506342
027999.pdf,https://s3.amazonaws.com/static.nicic.gov/Library/027999.pdf,2025-02-24 19:15:04.510633
"Addressing the Needs of Elderly, Chronically Ill, and ...",https://s3.amazonaws.com/static.nicic.gov/Library/018735.pdf,2025-02-24 19:15:09.325010
Prison Rape Elimination Act (PREA),https://s3.amazonaws.com/static.nicic.gov/Library/021569.pdf,2025-02-24 19:15:09.333776
Environmental Scan 2013,https://s3.amazonaws.com/static.nicic.gov/Library/027874.pdf,2025-02-24 19:15:09.344033
Correctional Leadership Competencies for the 21st Century,https://s3.amazonaws.com/static.nicic.gov/Library/020475.pdf,2025-02-24 19:15:09.351582
Chief Jail Inspector's Network,https://s3.amazonaws.com/static.nicic.gov/Library/026551.pdf,2025-02-24 19:15:09.358964
Case Study:,https://s3.amazonaws.com/static.nicic.gov/Library/028355.pdf,2025-02-24 19:15:09.366988
